{
  "properties": {
    "connectionReferences": {
      "shared_commondataserviceforapps": {
        "runtimeSource": "embedded",
        "connection": {
          "connectionReferenceLogicalName": "pu_sharedcommondataserviceforapps_ade05"
        },
        "api": {
          "name": "shared_commondataserviceforapps"
        }
      },
      "shared_outlook": {
        "runtimeSource": "embedded",
        "connection": {
          "connectionReferenceLogicalName": "pu_sharedoutlook_e2363"
        },
        "api": {
          "name": "shared_outlook"
        }
      }
    },
    "definition": {
      "$schema": "https://schema.management.azure.com/providers/Microsoft.Logic/schemas/2016-06-01/workflowdefinition.json#",
      "contentVersion": "1.0.0.0",
      "parameters": {
        "$connections": {
          "defaultValue": {},
          "type": "Object"
        },
        "$authentication": {
          "defaultValue": {},
          "type": "SecureObject"
        }
      },
      "triggers": {
        "When_a_row_is_added,_modified_or_deleted": {
          "metadata": {
            "operationMetadataId": "eafcce45-29a5-4038-8cab-c6b5b7bd2e15"
          },
          "type": "OpenApiConnectionWebhook",
          "inputs": {
            "host": {
              "connectionName": "shared_commondataserviceforapps",
              "operationId": "SubscribeWebhookTrigger",
              "apiId": "/providers/Microsoft.PowerApps/apis/shared_commondataserviceforapps"
            },
            "parameters": {
              "subscriptionRequest/message": 3,
              "subscriptionRequest/entityname": "ag_animalinformation",
              "subscriptionRequest/scope": 4
            },
            "authentication": "@parameters('$authentication')"
          }
        }
      },
      "actions": {
        "Get_a_row_by_ID": {
          "runAfter": {},
          "metadata": {
            "operationMetadataId": "5f85785a-52f8-4f2a-b6ae-20c45afa2d8b"
          },
          "type": "OpenApiConnection",
          "inputs": {
            "host": {
              "connectionName": "shared_commondataserviceforapps",
              "operationId": "GetItem",
              "apiId": "/providers/Microsoft.PowerApps/apis/shared_commondataserviceforapps"
            },
            "parameters": {
              "entityName": "ag_animalinformations",
              "recordId": "@triggerOutputs()?['body/ag_animalinformationid']"
            },
            "authentication": "@parameters('$authentication')"
          }
        },
        "Condition": {
          "actions": {
            "Compose_-_Pick_up_Date_5_Days_Ahead_Except__Sunday_": {
              "runAfter": {},
              "metadata": {
                "operationMetadataId": "1b8749da-f18d-444c-a648-fdfcd89648b9"
              },
              "type": "Compose",
              "inputs": "@formatDateTime(\r\n       if(\r\n           equals(\r\n               formatDateTime(\r\n                   addDays(utcNow(), 5),\r\n                   'dddd'\r\n               ),\r\n               'Sunday'\r\n           ),\r\n           addDays(utcNow(), 6),\r\n           addDays(utcNow(), 5)\r\n       ),\r\n       'ddd dd MMM yyyy'\r\n   )"
            },
            "Condition_2": {
              "actions": {
                "Compose_-_Get_Pet_Photo": {
                  "runAfter": {},
                  "metadata": {
                    "operationMetadataId": "effd5882-a69b-4b11-bd69-92125ec1693d"
                  },
                  "type": "Compose",
                  "inputs": "<img src=\"data:image/jpeg;base64, @{outputs('Get_a_row_by_ID')?['body/ag_photo']}\"/>"
                },
                "Send_an_email_(V2)": {
                  "runAfter": {
                    "Compose_-_Get_Pet_Photo": [
                      "Succeeded"
                    ]
                  },
                  "metadata": {
                    "operationMetadataId": "ce3a0418-d216-4bb0-b883-c7e61cfaa746"
                  },
                  "type": "OpenApiConnection",
                  "inputs": {
                    "host": {
                      "connectionName": "shared_outlook",
                      "operationId": "SendEmailV2",
                      "apiId": "/providers/Microsoft.PowerApps/apis/shared_outlook"
                    },
                    "parameters": {
                      "emailMessage/To": "shaakan3@gmail.com",
                      "emailMessage/Subject": "Pet Fostering Notification",
                      "emailMessage/Body": "<p>Dear @{outputs('Get_a_row_by_ID')?['body/ag_fosterclaimername']},<br>\n<br>\nWe are thrilled to welcome you as a foster parent and sincerely appreciate your kindness in opening your home and heart to a new furry (or feathered) friend!<br>\n<br>\nWe’re excited to inform you that you have officially become a foster caregiver through Paw &amp; Heart Animal Rescue. Your compassion makes a world of difference in the life of a rescued animal.<br>\n<br>\nName: @{outputs('Get_a_row_by_ID')?['body/ag_petname']},<br>\n<br>\nPickup Date: @{outputs('Compose_-_Pick_up_Date_5_Days_Ahead_Except__Sunday_')}<br>\n<br>\nPlease arrange a pickup time for the pet at your earliest convinience.<br>\n<br>\nRegards,<br>\n<strong>Paw &amp; Heart Team</strong></p>",
                      "emailMessage/Importance": "Normal"
                    },
                    "authentication": "@parameters('$authentication')"
                  }
                }
              },
              "runAfter": {
                "Compose_-_Pick_up_Date_5_Days_Ahead_Except__Sunday_": [
                  "Succeeded"
                ]
              },
              "else": {
                "actions": {
                  "Send_an_email_(V2)_2": {
                    "runAfter": {},
                    "metadata": {
                      "operationMetadataId": "ce3a0418-d216-4bb0-b883-c7e61cfaa746"
                    },
                    "type": "OpenApiConnection",
                    "inputs": {
                      "host": {
                        "connectionName": "shared_outlook",
                        "operationId": "SendEmailV2",
                        "apiId": "/providers/Microsoft.PowerApps/apis/shared_outlook"
                      },
                      "parameters": {
                        "emailMessage/To": "shaakan3@gmail.com",
                        "emailMessage/Subject": "Pet Fostering Notification",
                        "emailMessage/Body": "<p>Dear @{outputs('Get_a_row_by_ID')?['body/ag_fosterclaimername']},<br>\n<br>\nWe are thrilled to welcome you as a foster parent and sincerely appreciate your kindness in opening your home and heart to a new furry (or feathered) friend!<br>\n<br>\nWe’re excited to inform you that you have officially become a foster caregiver through Paw &amp; Heart Animal Rescue. Your compassion makes a world of difference in the life of a rescued animal.<br>\n<br>\nName: @{outputs('Get_a_row_by_ID')?['body/ag_petname']},<br>\n<br>\nPickup Date: @{outputs('Compose_-_Pick_up_Date_5_Days_Ahead_Except__Sunday_')}<br>\n<br>\nPlease arrange a pickup time for the pet at your earliest convinience.<br>\n<br>\nRegards,<br>\n<strong>Paw &amp; Heart Team</strong></p>",
                        "emailMessage/Importance": "Normal"
                      },
                      "authentication": "@parameters('$authentication')"
                    }
                  }
                }
              },
              "expression": {
                "not": {
                  "equals": [
                    "@outputs('Get_a_row_by_ID')?['body/ag_photo']",
                    "@null"
                  ]
                }
              },
              "metadata": {
                "operationMetadataId": "0b2b323b-34f2-4adc-9145-b31a2ad771bb"
              },
              "type": "If"
            }
          },
          "runAfter": {
            "Get_a_row_by_ID": [
              "Succeeded"
            ]
          },
          "else": {
            "actions": {
              "Compose": {
                "runAfter": {},
                "metadata": {
                  "operationMetadataId": "c21c87b6-4ec2-499f-9452-6d43a490da2e"
                },
                "type": "Compose",
                "inputs": "Flow error!"
              }
            }
          },
          "expression": {
            "equals": [
              "@outputs('Get_a_row_by_ID')?['body/ag_petshelterstatus']",
              7
            ]
          },
          "metadata": {
            "operationMetadataId": "dd507ea5-8bc3-430d-9215-5c29393bd2d1"
          },
          "type": "If"
        }
      }
    },
    "templateName": ""
  },
  "schemaVersion": "1.0.0.0"
}