<ImportExportXml version="9.2.25024.214" SolutionPackageVersion="9.2" languagecode="1033" generatedBy="CrmLive" xmlns:xsi="http://www.w3.org/2001/XMLSchema-instance" OrganizationVersion="9.2.25024.214" OrganizationSchemaType="Standard" CRMServerServiceabilityVersion="9.2.25024.00216">
  <SolutionManifest>
    <UniqueName>ShelterSolution</UniqueName>
    <LocalizedNames>
      <LocalizedName description="Shelter Solution" languagecode="1033" />
    </LocalizedNames>
    <Descriptions />
    <Version>1.0.0.1</Version>
    <Managed>0</Managed>
    <Publisher>
      <UniqueName>AkankshaGailakoti</UniqueName>
      <LocalizedNames>
        <LocalizedName description="Akanksha Gailakoti" languagecode="1033" />
      </LocalizedNames>
      <Descriptions>
        <Description description="A publisher for Power Platform solutions" languagecode="1033" />
      </Descriptions>
      <EMailAddress xsi:nil="true"></EMailAddress>
      <SupportingWebsiteUrl xsi:nil="true"></SupportingWebsiteUrl>
      <CustomizationPrefix>ag</CustomizationPrefix>
      <CustomizationOptionValuePrefix>12086</CustomizationOptionValuePrefix>
      <Addresses>
        <Address>
          <AddressNumber>1</AddressNumber>
          <AddressTypeCode>1</AddressTypeCode>
          <City xsi:nil="true"></City>
          <County xsi:nil="true"></County>
          <Country xsi:nil="true"></Country>
          <Fax xsi:nil="true"></Fax>
          <FreightTermsCode xsi:nil="true"></FreightTermsCode>
          <ImportSequenceNumber xsi:nil="true"></ImportSequenceNumber>
          <Latitude xsi:nil="true"></Latitude>
          <Line1 xsi:nil="true"></Line1>
          <Line2 xsi:nil="true"></Line2>
          <Line3 xsi:nil="true"></Line3>
          <Longitude xsi:nil="true"></Longitude>
          <Name xsi:nil="true"></Name>
          <PostalCode xsi:nil="true"></PostalCode>
          <PostOfficeBox xsi:nil="true"></PostOfficeBox>
          <PrimaryContactName xsi:nil="true"></PrimaryContactName>
          <ShippingMethodCode>1</ShippingMethodCode>
          <StateOrProvince xsi:nil="true"></StateOrProvince>
          <Telephone1 xsi:nil="true"></Telephone1>
          <Telephone2 xsi:nil="true"></Telephone2>
          <Telephone3 xsi:nil="true"></Telephone3>
          <TimeZoneRuleVersionNumber xsi:nil="true"></TimeZoneRuleVersionNumber>
          <UPSZone xsi:nil="true"></UPSZone>
          <UTCOffset xsi:nil="true"></UTCOffset>
          <UTCConversionTimeZoneCode xsi:nil="true"></UTCConversionTimeZoneCode>
        </Address>
        <Address>
          <AddressNumber>2</AddressNumber>
          <AddressTypeCode>1</AddressTypeCode>
          <City xsi:nil="true"></City>
          <County xsi:nil="true"></County>
          <Country xsi:nil="true"></Country>
          <Fax xsi:nil="true"></Fax>
          <FreightTermsCode xsi:nil="true"></FreightTermsCode>
          <ImportSequenceNumber xsi:nil="true"></ImportSequenceNumber>
          <Latitude xsi:nil="true"></Latitude>
          <Line1 xsi:nil="true"></Line1>
          <Line2 xsi:nil="true"></Line2>
          <Line3 xsi:nil="true"></Line3>
          <Longitude xsi:nil="true"></Longitude>
          <Name xsi:nil="true"></Name>
          <PostalCode xsi:nil="true"></PostalCode>
          <PostOfficeBox xsi:nil="true"></PostOfficeBox>
          <PrimaryContactName xsi:nil="true"></PrimaryContactName>
          <ShippingMethodCode>1</ShippingMethodCode>
          <StateOrProvince xsi:nil="true"></StateOrProvince>
          <Telephone1 xsi:nil="true"></Telephone1>
          <Telephone2 xsi:nil="true"></Telephone2>
          <Telephone3 xsi:nil="true"></Telephone3>
          <TimeZoneRuleVersionNumber xsi:nil="true"></TimeZoneRuleVersionNumber>
          <UPSZone xsi:nil="true"></UPSZone>
          <UTCOffset xsi:nil="true"></UTCOffset>
          <UTCConversionTimeZoneCode xsi:nil="true"></UTCConversionTimeZoneCode>
        </Address>
      </Addresses>
    </Publisher>
    <RootComponents>
      <RootComponent type="1" schemaName="ag_animalinformation" behavior="0" />
      <RootComponent type="1" schemaName="ag_fosterfamilyinformation" behavior="0" />
      <RootComponent type="1" schemaName="ag_petinfoprocess" behavior="0" />
      <RootComponent type="1" schemaName="ag_shelterinformation" behavior="0" />
      <RootComponent type="9" schemaName="ag_readyforfosterchoices" behavior="0" />
      <RootComponent type="29" id="{2983e5de-f409-f011-bae2-00224809639c}" behavior="0" />
      <RootComponent type="29" id="{95c40279-9309-f011-bae2-00224809639c}" behavior="0" />
      <RootComponent type="61" schemaName="ag_AnimalShelterLogo" behavior="0" />
      <RootComponent type="61" schemaName="ag_istockphoto1560920803612x612" behavior="0" />
      <RootComponent type="61" schemaName="msdyn_/Icons/AnalysisResult.svg" behavior="0" />
      <RootComponent type="62" schemaName="ag_MyAnimalShelterModelDriven" behavior="0" />
      <RootComponent type="80" schemaName="ag_MyAnimalShelterModelDriven" behavior="0" />
      <RootComponent type="300" schemaName="ag_myanimalsheltercanvasapp_3e1d0" behavior="0" />
      <RootComponent type="431" schemaName="ag_animalinformation ag_photo" behavior="0" />
      <RootComponent type="432" schemaName="ag_animalinformation" behavior="0" />
    </RootComponents>
    <MissingDependencies>
      <MissingDependency>
        <Required type="61" schemaName="msdyn_/Icons/AnalysisResult.svg" displayName="msdyn_/Icons/AnalysisResult.svg" solution="msdyn_PowerAppsChecker (2.0.0.11)">
          <package appName="PowerAppsChecker" version="2.0.0.11">msdyn_PowerAppsCheckerAnchor (2.0.0.11)</package>
        </Required>
        <Dependent type="1" schemaName="ag_animalinformation" displayName="Animal Information" />
      </MissingDependency>
      <MissingDependency>
        <Required type="61" schemaName="msdyn_/Icons/AnalysisResult.svg" displayName="msdyn_/Icons/AnalysisResult.svg" solution="msdyn_PowerAppsChecker (2.0.0.11)">
          <package appName="PowerAppsChecker" version="2.0.0.11">msdyn_PowerAppsCheckerAnchor (2.0.0.11)</package>
        </Required>
        <Dependent type="1" schemaName="ag_fosterfamilyinformation" displayName="Foster Family Information" />
      </MissingDependency>
      <MissingDependency>
        <Required type="61" schemaName="msdyn_/Icons/AnalysisResult.svg" displayName="msdyn_/Icons/AnalysisResult.svg" solution="msdyn_PowerAppsChecker (2.0.0.11)">
          <package appName="PowerAppsChecker" version="2.0.0.11">msdyn_PowerAppsCheckerAnchor (2.0.0.11)</package>
        </Required>
        <Dependent type="1" schemaName="ag_shelterinformation" displayName="Shelter Home Info" />
      </MissingDependency>
      <MissingDependency>
        <Required type="61" schemaName="msdyn_/Icons/AnalysisResult.svg" displayName="msdyn_/Icons/AnalysisResult.svg" solution="msdyn_PowerAppsChecker (2.0.0.11)">
          <package appName="PowerAppsChecker" version="2.0.0.11">msdyn_PowerAppsCheckerAnchor (2.0.0.11)</package>
        </Required>
        <Dependent type="61" schemaName="msdyn_/Icons/AnalysisResult.svg" displayName="msdyn_/Icons/AnalysisResult.svg" />
      </MissingDependency>
      <MissingDependency>
        <Required type="SettingDefinition" displayName="AppChannel" solution="msdyn_AppFrameworkInfraExtensions (1.0.0.12)" id.uniquename="AppChannel">
          <package appName="PowerAppsAppFramework Package" version="1.0.0.16">PowerAppsAppFramework_Anchor (1.0.0.16)</package>
        </Required>
        <Dependent type="AppSetting" displayName="parentappmoduleid.uniquename=ag_MyAnimalShelterModelDriven,settingdefinitionid.uniquename=AppChannel" id.parentappmoduleid.uniquename="ag_MyAnimalShelterModelDriven" id.settingdefinitionid.uniquename="AppChannel" />
      </MissingDependency>
    </MissingDependencies>
  </SolutionManifest>
</ImportExportXml>